{"M2_\ud1b5\ud654\ub7c9(\ud3c9\uc794)":{"2018\/01":2551196.0,"2018\/02":2570764.6000000001,"2018\/03":2578361.7999999998,"2018\/04":2590840.7000000002,"2018\/05":2600274.2999999998,"2018\/06":2622268.2999999998,"2018\/07":2637421.7999999998,"2018\/08":2651503.3999999999,"2018\/09":2652829.5,"2018\/10":2674506.5,"2018\/11":2692974.7999999998,"2018\/12":2699882.2999999998,"2019\/01":2716722.0,"2019\/02":2730481.8999999999,"2019\/03":2752723.8999999999,"2019\/04":2763058.0,"2019\/05":2771633.0,"2019\/06":2799248.0,"2019\/07":2811543.7000000002,"2019\/08":2832566.1000000001,"2019\/09":2853272.0,"2019\/10":2874176.1000000001,"2019\/11":2901465.3999999999,"2019\/12":2912434.1000000001,"2020\/01":2929009.2000000002,"2020\/02":2954603.7999999998,"2020\/03":2984304.2999999998,"2020\/04":3015816.3999999999,"2020\/05":3046050.5,"2020\/06":3077284.1000000001,"2020\/07":3093300.1000000001,"2020\/08":3100373.3999999999,"2020\/09":3115238.8999999999,"2020\/10":3152811.6000000001,"2020\/11":3183500.8999999999,"2020\/12":3197671.2000000002,"2021\/01":3223486.7000000002,"2021\/02":3271405.7999999998,"2021\/03":3313182.2000000002,"2021\/04":3358874.8999999999,"2021\/05":3379753.8999999999,"2021\/06":3413899.7999999998,"2021\/07":3445243.0,"2021\/08":3487634.1000000001,"2021\/09":3513680.6000000001,"2021\/10":3543363.7000000002,"2021\/11":3594723.2000000002,"2021\/12":3620057.3999999999,"2022\/01":3634342.3999999999,"2022\/02":3656135.7999999998,"2022\/03":3672133.3999999999,"2022\/04":3675828.7000000002,"2022\/05":3694489.2999999998,"2022\/06":3714135.0,"2022\/07":3720323.0,"2022\/08":3737433.5,"2022\/09":3744736.0,"2022\/10":3752856.2000000002,"2022\/11":3788208.2000000002,"2022\/12":3781386.2000000002}}