{"\ubbf8\uad6d\uae08\ub9ac":{"2006\/Q1":5.0,"2006\/Q2":5.48063,"2006\/Q3":5.37,"2006\/Q4":5.36,"2007\/Q1":5.35,"2007\/Q2":5.36,"2007\/Q3":5.22875,"2007\/Q4":4.7025,"2008\/Q1":2.68813,"2008\/Q2":2.78313,"2008\/Q3":4.0525,"2008\/Q4":1.425,"2009\/Q1":1.19188,"2009\/Q2":0.595,"2009\/Q3":0.28688,"2009\/Q4":0.25063,"2010\/Q1":0.2915,"2010\/Q2":0.53394,"2010\/Q3":0.29,"2010\/Q4":0.30281,"2011\/Q1":0.303,"2011\/Q2":0.24575,"2011\/Q3":0.37433,"2011\/Q4":0.581,"2012\/Q1":0.46815,"2012\/Q2":0.4606,"2012\/Q3":0.3585,"2012\/Q4":0.306,"2013\/Q1":0.2826,"2013\/Q2":0.2731,"2013\/Q3":0.24885,"2013\/Q4":0.2461,"2014\/Q1":0.2306,"2014\/Q2":0.2307,"2014\/Q3":0.2351,"2014\/Q4":0.2556,"2015\/Q1":0.2708,"2015\/Q2":0.2832,"2015\/Q3":0.325,"2015\/Q4":0.6127,"2016\/Q1":0.6286,"2016\/Q2":0.6541,"2016\/Q3":0.8537,"2016\/Q4":0.9979,"2017\/Q1":1.1496,"2017\/Q2":1.2992,"2017\/Q3":1.3339,"2017\/Q4":1.69428,"2018\/Q1":2.31175,"2018\/Q2":2.33575,"2018\/Q3":2.39838,"2018\/Q4":2.80763,"2019\/Q1":2.59975,"2019\/Q2":2.31988,"2019\/Q3":2.08513,"2019\/Q4":1.90838,"2020\/Q1":1.4505,"2020\/Q2":0.302,"2020\/Q3":0.22513,"2020\/Q4":0.23838,"2021\/Q1":0.19425,"2021\/Q2":0.14575,"2021\/Q3":0.13013,"2021\/Q4":0.20913,"2022\/Q1":0.96157,"2022\/Q2":2.28514,"2022\/Q3":3.75471,"2022\/Q4":4.76729}}